{
  "parent": "item/generated",
  "textures": {
    "layer0": "item/diamond"
  },
  "overrides": [
	{
      "predicate": {
        "custom_model_data": 1
      },
      "model": "item/enchants/fortune"
    },
	{
      "predicate": {
        "custom_model_data": 2
      },
      "model": "item/enchants/speed"
    },
	{
      "predicate": {
        "custom_model_data": 3
      },
      "model": "item/enchants/experience"
    },
	{
      "predicate": {
        "custom_model_data": 4
      },
      "model": "item/enchants/finder"
    },
	{
      "predicate": {
        "custom_model_data": 5
      },
      "model": "item/enchants/extraction"
    },
	{
      "predicate": {
        "custom_model_data": 6
      },
      "model": "item/enchants/tokenator"
    },
	{
      "predicate": {
        "custom_model_data": 7
      },
      "model": "item/enchants/discover"
    },
	{
      "predicate": {
        "custom_model_data": 8
      },
      "model": "item/enchants/charity"
    },
	{
      "predicate": {
        "custom_model_data": 9
      },
      "model": "item/enchants/blaster"
    },
	{
      "predicate": {
        "custom_model_data": 10
      },
      "model": "item/enchants/acquire"
    },
	{
      "predicate": {
        "custom_model_data": 11
      },
      "model": "item/enchants/treasure"
    },
	{
      "predicate": {
        "custom_model_data": 12
      },
      "model": "item/enchants/angelic"
    },
	{
      "predicate": {
        "custom_model_data": 13
      },
      "model": "item/enchants/descent"
    },
	{
      "predicate": {
        "custom_model_data": 14
      },
      "model": "item/enchants/duplicate"
    }
  ]
}