{
  "parent": "item/generated",
  "textures": {
    "layer0": "item/emerald"
  },
  "overrides": [
	{
      "predicate": {
        "custom_model_data": 1
      },
      "model": "item/enchants/sharpness"
    },
	{
      "predicate": {
        "custom_model_data": 2
      },
      "model": "item/enchants/inflation"
    },
	{
      "predicate": {
        "custom_model_data": 3
      },
      "model": "item/enchants/laserbeam"
    },
	{
      "predicate": {
        "custom_model_data": 4
      },
      "model": "item/enchants/attraction"
    },
	{
      "predicate": {
        "custom_model_data": 5
      },
      "model": "item/enchants/engineer"
    },
	{
      "predicate": {
        "custom_model_data": 6
      },
      "model": "item/enchants/vapour"
    },
	{
      "predicate": {
        "custom_model_data": 7
      },
      "model": "item/enchants/container"
    },
	{
      "predicate": {
        "custom_model_data": 8
      },
      "model": "item/enchants/executer"
    }
  ]
}