{
  "parent": "item/handheld",
  "textures": {
    "layer0": "item/netherite_sword"
  },
  "overrides": [
	{
      "predicate": {
        "custom_model_data": 1
      },
      "model": "item/tools/iridium_sword"
    },
	{
      "predicate": {
        "custom_model_data": 2
      },
      "model": "item/tools/amethyst_sword"
    },
	{
      "predicate": {
        "custom_model_data": 3
      },
      "model": "item/tools/malachite_sword"
    },
	{
      "predicate": {
        "custom_model_data": 4
      },
      "model": "item/tools/mythril_sword"
    },
	{
      "predicate": {
        "custom_model_data": 5
      },
      "model": "item/tools/jade_sword"
    },
	{
      "predicate": {
        "custom_model_data": 6
      },
      "model": "item/tools/amber_sword"
    },
	{
      "predicate": {
        "custom_model_data": 7
      },
      "model": "item/tools/ruby_sword"
    }
  ]
}