{
  "parent": "item/handheld",
  "textures": {
    "layer0": "item/netherite_hoe"
  },
  "overrides": [
	{
      "predicate": {
        "custom_model_data": 1
      },
      "model": "item/tools/iridium_hoe"
    },
	{
      "predicate": {
        "custom_model_data": 2
      },
      "model": "item/tools/amethyst_hoe"
    },
	{
      "predicate": {
        "custom_model_data": 3
      },
      "model": "item/tools/malachite_hoe"
    },
	{
      "predicate": {
        "custom_model_data": 4
      },
      "model": "item/tools/mythril_hoe"
    },
	{
      "predicate": {
        "custom_model_data": 5
      },
      "model": "item/tools/jade_hoe"
    },
	{
      "predicate": {
        "custom_model_data": 6
      },
      "model": "item/tools/amber_hoe"
    },
	{
      "predicate": {
        "custom_model_data": 7
      },
      "model": "item/tools/ruby_hoe"
    }
  ]
}