{
  "parent": "item/handheld",
  "textures": {
    "layer0": "item/netherite_axe"
  },
  "overrides": [
	{
      "predicate": {
        "custom_model_data": 1
      },
      "model": "item/tools/iridium_axe"
    },
	{
      "predicate": {
        "custom_model_data": 2
      },
      "model": "item/tools/amethyst_axe"
    },
	{
      "predicate": {
        "custom_model_data": 3
      },
      "model": "item/tools/malachite_axe"
    },
	{
      "predicate": {
        "custom_model_data": 4
      },
      "model": "item/tools/mythril_axe"
    },
	{
      "predicate": {
        "custom_model_data": 5
      },
      "model": "item/tools/jade_axe"
    },
	{
      "predicate": {
        "custom_model_data": 6
      },
      "model": "item/tools/ruby_axe"
    },
	{
      "predicate": {
        "custom_model_data": 7
      },
      "model": "item/tools/amber_axe"
    }
  ]
}