{
  "parent": "item/generated",
  "textures": {
    "layer0": "item/paper"
  },
  "overrides": [
	{
      "predicate": {
        "custom_model_data": 1
      },
      "model": "item/icons/skins"
    },
	{
      "predicate": {
        "custom_model_data": 2
      },
      "model": "item/icons/prestige"
    },
	{
      "predicate": {
        "custom_model_data": 3
      },
      "model": "item/icons/shop"
    },
	{
      "predicate": {
        "custom_model_data": 4
      },
      "model": "item/icons/locked"
    }
  ]
}