{
	"providers": [
		{"type": "bitmap", "file": "minecraft:gui/pixel.png","ascent": -2000,"height": -3, "chars": ["±"]},
		{"type": "bitmap", "file": "minecraft:font/other/oresmash.png","ascent": 10,"height": 15, "chars": ["🕧"]},
		{"type": "bitmap", "file": "minecraft:font/other/oresmash.png","ascent": 13,"height": 19, "chars": ["🕢"]},

		{"type": "bitmap", "file": "minecraft:font/ranks/admin.png","ascent": 7,"height": 7, "chars": ["🕡"]},
		{"type": "bitmap", "file": "minecraft:font/ranks/srmod.png","ascent": 7,"height": 7, "chars": ["🕥"]},
		{"type": "bitmap", "file": "minecraft:font/ranks/mod.png","ascent": 7,"height": 7, "chars": ["🕠"]},
		{"type": "bitmap", "file": "minecraft:font/ranks/srhelper.png","ascent": 7,"height": 7, "chars": ["🕦"]},
		{"type": "bitmap", "file": "minecraft:font/ranks/helper.png","ascent": 7,"height": 7, "chars": ["🕟"]},
		{"type": "bitmap", "file": "minecraft:font/ranks/emperor.png","ascent": 7,"height": 7, "chars": ["🕞"]},
		{"type": "bitmap", "file": "minecraft:font/ranks/overlord.png","ascent": 7,"height": 7, "chars": ["🕝"]},
		{"type": "bitmap", "file": "minecraft:font/ranks/noble.png","ascent": 7,"height": 7, "chars": ["🕜"]},
		{"type": "bitmap", "file": "minecraft:font/ranks/knight.png","ascent": 7,"height": 7, "chars": ["🕛"]},
		{"type": "bitmap", "file": "minecraft:font/ranks/merchant.png","ascent": 7,"height": 7, "chars": ["🕚"]},
		{"type": "bitmap", "file": "minecraft:font/ranks/farmer.png","ascent": 7,"height": 7, "chars": ["🕙"]},
		{"type": "bitmap", "file": "minecraft:font/ranks/peasant.png","ascent": 7,"height": 7, "chars": ["🕘"]}
	]
}